Open_time,Open,High,Close,Volume,Close_time,Qoute_asset_volume,Number_of_trades,Taker_buy_base_asset_volume,Taker_buy_quote_asset_volume,Can_be_ignored
1633064400000,43811.20000000,43854.70000000,43292.96000000,43848.66000000,2.25637400,1633067999999,98853.26501843,152,1.12928000,49452.01427264,0
1633068000000,43850.33000000,44036.24000000,39977.15000000,43995.10000000,14.54799700,1633071599999,638704.12114377,1798,13.84040000,607660.02721644,0
1633071600000,43993.98000000,70000.00000000,9000.00000000,44789.52000000,72.53373300,1633075199999,3222665.11502080,6184,41.62626300,1843742.27571060,0
1633075200000,44789.52000000,49356.24000000,40782.46000000,45116.48000000,98.34997900,1633078799999,4398644.22242785,7788,52.60014500,2352332.33347658,0
1633078800000,44945.81000000,50000.00000000,42270.20000000,44886.12000000,98.34620100,1633082399999,4415583.53397252,8100,50.05837000,2247738.48425391,0
1633082400000,44901.50000000,49999.92000000,44780.28000000,47090.73000000,35.12500900,1633085999999,1612307.48015955,4102,26.71842000,1232952.25362495,0
1633086000000,47082.64000000,50000.00000000,43907.30000000,47486.29000000,72.41068300,1633089599999,3422701.46589395,7825,42.67748300,2018389.88353340,0
1633089600000,47486.29000000,48232.57000000,43907.30000000,47201.24000000,73.03078900,1633093199999,3468290.37681017,8802,42.11467600,1999874.24780326,0
1633093200000,47214.38000000,50000.00000000,40782.46000000,46979.68000000,85.86304900,1633096799999,4028915.23876964,8097,47.95525900,2247277.87608267,0
1633096800000,46982.79000000,50000.00000000,43907.30000000,47121.13000000,91.86436500,1633100399999,4322082.54536642,8323,51.38997100,2416297.65608041,0
1633100400000,47123.77000000,50000.00000000,46960.00000000,47573.13000000,84.51861300,1633103999999,3999367.63974464,8460,45.48158100,2151206.95369391,0
1633104000000,47363.69000000,50000.00000000,43907.30000000,47552.54000000,93.04668600,1633107599999,4410543.93661970,8994,48.85272700,2315615.70376301,0
1633107600000,47553.06000000,50000.00000000,43907.30000000,47617.30000000,67.19252100,1633111199999,3190815.89028174,7730,36.11370300,1715428.41004373,0
1633111200000,47617.30000000,48168.23000000,47428.44000000,47697.38000000,58.73028200,1633114799999,2800134.39114352,7922,33.88339100,1615366.84612754,0
1633114800000,47721.21000000,48168.23000000,47707.52000000,47937.92000000,56.92983800,1633118399999,2726541.27721845,7113,32.68859800,1565504.98086687,0
1633118400000,47937.92000000,48331.92000000,43975.63000000,48095.83000000,78.85001200,1633121999999,3765173.35279921,8683,40.44191400,1934539.07723887,0
1633122000000,48094.51000000,50000.00000000,43975.63000000,48352.38000000,95.38064900,1633125599999,4595866.79728930,9872,51.05604900,2458225.67066720,0
1633125600000,48352.38000000,50000.00000000,43975.63000000,47700.00000000,82.57653100,1633129199999,3966867.80572571,10702,44.57228100,2142888.49893235,0
1633129200000,47700.00000000,50000.00000000,41442.00000000,48153.91000000,95.68650200,1633132799999,4581161.83734915,8385,49.30441500,2362809.50446007,0
1633132800000,48153.91000000,48371.70000000,43907.30000000,47824.12000000,55.90180500,1633136399999,2672967.25084265,6791,32.63012300,1559957.36876166,0
1633136400000,47815.82000000,49000.00000000,43907.30000000,47737.30000000,65.52174000,1633139999999,3134273.59463387,7330,35.99267700,1720996.55747131,0
1633140000000,47736.82000000,47954.91000000,43907.30000000,47880.00000000,54.26022800,1633143599999,2588617.06321461,6197,29.74082900,1418498.00664962,0
1633143600000,47923.95000000,48712.66000000,43907.30000000,47509.11000000,71.37543500,1633147199999,3377162.17143387,7549,40.61284000,1915153.27778399,0
1633147200000,47522.49000000,49000.00000000,43907.30000000,45927.84000000,80.16065700,1633150799999,3811603.81318905,7372,41.21186300,1959649.70207130,0
1633150800000,45927.84000000,49000.00000000,44216.78000000,47749.33000000,69.51451700,1633154399999,3311085.29200350,6443,36.76559700,1748777.33854048,0
1633154400000,47749.33000000,48712.66000000,47446.84000000,47845.38000000,60.54959400,1633157999999,2891899.69949874,5987,31.70976200,1514440.72525345,0
1633158000000,47845.38000000,48791.00000000,47700.00000000,47725.03000000,47.08785500,1633161599999,2249614.91109941,5096,24.52987200,1171803.56764339,0
1633161600000,47724.98000000,48800.00000000,44216.78000000,47706.46000000,68.55309900,1633165199999,3263172.99361576,7436,37.80450100,1798092.96219653,0
1633165200000,47706.46000000,48965.82000000,44216.78000000,47707.14000000,55.96890200,1633168799999,2674564.73340068,6305,29.59385700,1413780.46514537,0
1633168800000,47705.00000000,47766.00000000,44408.86000000,47629.19000000,30.20482000,1633172399999,1437009.76122882,4641,18.84791200,896188.88553201,0
1633172400000,47629.19000000,47723.30000000,44216.78000000,47656.46000000,25.37500200,1633175999999,1206883.00356105,4300,16.74297900,796334.02583730,0
1633176000000,47656.39000000,47781.80000000,47617.87000000,47725.90000000,32.38060200,1633179599999,1545250.98089645,4880,19.61595400,936071.69801984,0
1633179600000,47729.23000000,49000.00000000,43975.63000000,47831.19000000,67.42959200,1633183199999,3212309.59782353,7695,37.46845100,1785056.48096182,0
1633183200000,47816.00000000,49000.00000000,44459.36000000,48013.29000000,68.70311700,1633186799999,3293900.04217372,8183,39.14483700,1876173.67862711,0
1633186800000,48017.84000000,49000.00000000,44401.09000000,47832.06000000,59.14746200,1633190399999,2833190.90854795,6769,32.47583300,1554595.86198215,0
1633190400000,47832.06000000,49000.00000000,43975.63000000,48004.70000000,60.89953300,1633193999999,2910707.67227737,7132,34.74451500,1661977.49311670,0
1633194000000,48004.67000000,48400.00000000,43907.30000000,47880.00000000,31.54590400,1633197599999,1508764.26373422,4694,18.82211500,901654.04849658,0
1633197600000,47879.99000000,47927.40000000,47721.32000000,47860.34000000,18.84698200,1633201199999,901657.54577466,3991,14.25907100,682092.24345194,0
1633201200000,47860.38000000,48400.00000000,41343.30000000,48241.99000000,37.91304000,1633204799999,1817609.95830185,6105,21.40119900,1029089.53664301,0
1633204800000,48240.00000000,49000.00000000,41343.30000000,47996.24000000,60.81223600,1633208399999,2901671.07263736,7091,30.79218700,1478441.30189295,0
1633208400000,47996.24000000,49000.00000000,47918.00000000,48122.04000000,34.34655700,1633211999999,1651053.87530365,4829,19.50970200,937950.33041512,0
1633212000000,48122.50000000,50000.00000000,48047.60000000,48049.34000000,33.92368500,1633215599999,1635028.53406464,5289,20.14321300,971114.05301094,0
1633215600000,48049.33000000,150000.00000000,41343.30000000,47630.68000000,39.43572100,1633219199999,1885017.66182827,5673,25.95117100,1248114.88634048,0
1633219200000,47630.69000000,47990.67000000,40213.66000000,47267.81000000,30.23633200,1633222799999,1401424.87822706,4986,24.26311200,1122969.93177896,0
1633222800000,47272.07000000,47607.23000000,47206.73000000,47518.23000000,14.76814900,1633226399999,699794.12636474,3630,13.85226700,656383.38352273,0
1633226400000,47518.24000000,47758.86000000,47500.99000000,47621.80000000,17.12045700,1633229999999,815639.05751631,3644,12.64751200,602449.94500505,0
1633230000000,47620.37000000,47949.85000000,47532.49000000,47904.63000000,14.16592000,1633233599999,675313.27674965,3381,11.65418200,555561.31564993,0
1633233600000,47901.63000000,47952.05000000,47788.35000000,47888.92000000,11.73175100,1633237199999,561496.94805601,3066,9.21144900,440869.77735857,0
1633237200000,47888.94000000,48099.52000000,47860.97000000,47990.13000000,15.17635500,1633240799999,728647.44547120,3346,11.42270700,548346.60179702,0
1633240800000,47990.14000000,48051.69000000,47896.36000000,47968.48000000,11.18839700,1633244399999,536729.87579467,2961,8.52710300,409044.34750679,0
1633244400000,47968.48000000,47970.16000000,47814.00000000,47896.00000000,10.87495000,1633247999999,520770.30925534,3012,8.72933600,418010.24641383,0
1633248000000,47895.99000000,69000.00000000,36902.90000000,47824.00000000,46.35866500,1633251599999,2144053.23163670,5344,29.67382500,1371566.67522330,0
1633251600000,47824.00000000,57826.58000000,42270.20000000,48206.33000000,62.22126100,1633255199999,2970701.52153658,7263,34.32751000,1640977.88648822,0
1633255200000,48206.33000000,57826.58000000,42270.20000000,47812.32000000,46.25142100,1633258799999,2205323.89325260,5369,25.05831200,1202826.53577115,0
1633258800000,47810.95000000,54200.00000000,42130.38000000,47974.86000000,40.37447400,1633262399999,1933411.34721156,5300,23.55569000,1129861.96812362,0
1633262400000,47974.87000000,48088.56000000,47816.90000000,47965.17000000,27.24177400,1633265999999,1306747.33081060,4202,16.66651300,799432.90266718,0
1633266000000,47964.82000000,48440.42000000,47817.84000000,48053.50000000,33.26089800,1633269599999,1597031.03123272,4831,21.04363600,1010416.32547467,0
1633269600000,48053.50000000,48104.68000000,47894.39000000,47954.51000000,22.05997900,1633273199999,1058745.47144112,3964,14.93240500,716631.20369332,0
1633273200000,47956.14000000,55294.94000000,43975.63000000,47879.05000000,39.63546900,1633276799999,1888036.91237989,6084,25.38026200,1210006.29620150,0
1633276800000,47878.82000000,100000.00000000,44216.78000000,48030.24000000,35.47231100,1633280399999,1690895.72223532,5229,23.15328900,1104132.41720994,0
1633280400000,48033.38000000,57826.58000000,47700.00000000,48910.53000000,29.55584400,1633283999999,1427640.97437927,5353,20.57250000,993942.56141124,0
1633284000000,48910.23000000,54282.28000000,48197.57000000,48822.78000000,27.09263400,1633287599999,1326058.26444138,5227,21.13934300,1033678.24241405,0
1633287600000,48822.79000000,48950.47000000,48725.01000000,48778.04000000,13.84113700,1633291199999,676418.55815115,3536,10.69975200,522863.12019892,0
1633291200000,48778.04000000,48870.01000000,44918.45000000,48424.00000000,20.95803400,1633294799999,1016732.32932567,4278,14.50691600,705997.35721895,0
1633294800000,48428.30000000,48452.31000000,44918.45000000,47759.31000000,18.42416300,1633298399999,882488.58664104,4416,17.11398300,819983.03556795,0
1633298400000,47751.43000000,48777.02000000,47446.84000000,47981.22000000,20.32312000,1633301999999,976284.59041098,4326,16.34168600,785029.14037085,0
1633302000000,47983.62000000,48314.93000000,47869.51000000,48202.74000000,17.23064100,1633305599999,829198.37584414,3944,14.29179000,687764.45036860,0
1633305600000,48200.01000000,48280.72000000,47857.96000000,47873.79000000,18.80392200,1633309199999,903600.72986864,3808,15.49935100,744760.15452637,0
1633309200000,47841.42000000,48171.56000000,47500.00000000,47799.69000000,13.95273000,1633312799999,668312.64412680,2010,13.82233000,662080.39902181,0
1633312800000,47766.57000000,47879.96000000,47581.53000000,47680.78000000,13.68733100,1633316399999,653451.29687577,1941,13.44152700,641707.91275587,0
1633316400000,47676.28000000,47776.23000000,47193.67000000,47464.41000000,14.93736000,1633319999999,710843.83828895,2118,14.71720200,700383.80965548,0
1633320000000,47450.00000000,48044.63000000,44918.45000000,47749.21000000,17.77488900,1633323599999,845239.80091192,2546,16.66318600,792747.47446126,0
1633323600000,47751.99000000,47868.91000000,47718.71000000,47777.51000000,10.40333000,1633327199999,497134.71458655,1476,9.72021600,464499.03167076,0
1633327200000,47777.06000000,47812.84000000,47554.38000000,47715.33000000,12.55207600,1633330799999,598439.24599601,1771,12.31896200,587331.93254649,0
1633330800000,47692.28000000,47845.12000000,47487.18000000,47845.12000000,14.12904400,1633334399999,674156.90124394,1887,12.49142400,596007.64714017,0
1633334400000,47838.54000000,47937.45000000,46538.80000000,47656.53000000,14.14725700,1633337999999,674606.06395047,2011,13.40785600,639283.59533693,0
1633338000000,47647.46000000,47753.62000000,43907.30000000,47732.22000000,12.55408700,1633341599999,593273.47799096,1709,11.34647100,537546.90561093,0
1633341600000,47722.47000000,47760.00000000,47493.01000000,47624.96000000,12.21472500,1633345199999,581555.14892040,1687,11.38761300,542130.36316090,0
1633345200000,47622.93000000,47678.62000000,47365.75000000,47579.17000000,12.48526500,1633348799999,593279.87201977,1875,12.33437700,586107.73237101,0
1633348800000,47581.87000000,47815.15000000,47450.01000000,47716.19000000,14.83285900,1633352399999,707188.12827917,2146,13.80637200,658209.94903546,0
1633352400000,47707.38000000,48103.99000000,47686.73000000,48103.99000000,18.30517500,1633355999999,875571.43558804,2702,18.14620900,867972.24107113,0
1633356000000,48120.78000000,48477.61000000,44000.00000000,47451.69000000,26.05289600,1633359599999,1246388.70787740,3904,24.24853300,1161126.38076141,0
1633359600000,47442.20000000,48052.87000000,43907.30000000,47788.99000000,21.77773500,1633363199999,1033000.50395761,3206,21.17452600,1004701.11205251,0
1633363200000,47753.94000000,50000.00000000,43907.30000000,48588.23000000,25.59488700,1633366799999,1231231.35264272,3452,22.13118600,1071467.41922592,0
1633366800000,48590.00000000,51244.30000000,43499.40000000,49287.33000000,22.51964700,1633370399999,1093161.36478521,3242,20.82246400,1015561.58480305,0
1633370400000,49293.90000000,57826.58000000,48000.00000000,49314.15000000,20.44242600,1633373999999,1008019.60354604,3057,19.24532800,948736.72329005,0
1633374000000,49318.01000000,49832.09000000,48893.44000000,49362.60000000,20.61330600,1633377599999,1013708.76406681,3402,19.31608300,949943.09403887,0
1633377600000,49362.60000000,49788.71000000,47000.00000000,49005.48000000,17.94283700,1633381199999,881850.25211886,2688,16.63473100,817636.52588687,0
1633381200000,49005.80000000,52510.13000000,42473.32000000,48926.24000000,16.51224800,1633384799999,798534.64441819,2499,14.19131000,694235.45615565,0
1633384800000,48927.33000000,49040.90000000,48694.71000000,48930.46000000,14.82735900,1633388399999,724459.42600384,2362,14.16705100,692220.52808587,0
1633388400000,48914.03000000,49440.79000000,48900.24000000,49217.51000000,18.30820700,1633391999999,901618.58184679,2469,15.98601900,787119.98706550,0
1633392000000,49222.44000000,49777.39000000,49046.76000000,49506.75000000,20.13530700,1633395599999,994936.96445561,2810,19.92814500,984720.11371992,0
1633395600000,49527.00000000,49595.98000000,49169.04000000,49239.37000000,15.74792600,1633399199999,777053.05240592,2116,15.67858700,773634.70514404,0
1633399200000,49243.03000000,49374.01000000,49051.55000000,49321.39000000,13.60304200,1633402799999,669559.96460136,1847,13.56703500,667788.51961304,0
1633402800000,49324.83000000,69586.94000000,43907.30000000,49306.67000000,17.83202700,1633406399999,874710.66950122,2311,14.10695200,696283.46641539,0
1633406400000,49303.06000000,49346.81000000,49027.02000000,49166.71000000,11.54864700,1633409999999,568213.04337656,1598,11.41504700,561650.09450074,0
1633410000000,49142.95000000,49407.86000000,49138.79000000,49325.51000000,12.01454000,1633413599999,592128.25628296,1743,10.74775500,529679.25056326,0
1633413600000,49325.01000000,49470.00000000,49257.00000000,49290.44000000,10.51295200,1633417199999,518955.78598695,1532,10.07488200,497337.50545293,0
1633417200000,49295.89000000,49645.55000000,49251.84000000,49477.76000000,13.17667600,1633420799999,651852.55334588,2043,12.89757300,638053.57040281,0
1633420800000,49476.52000000,49949.99000000,49386.74000000,49920.67000000,16.82675300,1633424399999,835565.65342329,2403,15.46292700,767685.12267587,0
1633424400000,49919.50000000,50296.23000000,49561.52000000,50271.23000000,22.27426500,1633427999999,1113207.52598772,3292,20.48908900,1023977.22484296,0
1633428000000,50269.36000000,51677.00000000,49130.00000000,50000.96000000,17.86332500,1633431599999,895447.03822836,2575,16.39839500,822095.49422705,0
1633431600000,49999.98000000,50140.75000000,37752.50000000,49879.97000000,23.11312300,1633435199999,1103863.16968888,2574,18.73509200,914128.99305014,0
1633435200000,49873.10000000,50090.00000000,49705.01000000,49991.45000000,23.49467200,1633438799999,1173506.91428883,2734,19.53027500,975365.80778173,0
1633438800000,49992.21000000,50302.78000000,49559.25000000,50204.21000000,18.01786400,1633442399999,901574.84970463,2617,16.99390000,850302.10124690,0
1633442400000,50206.57000000,50355.73000000,49600.01000000,49839.54000000,21.30607600,1633445999999,1065216.84182394,3365,20.11991600,1005906.68299252,0
1633446000000,49843.92000000,50231.65000000,37752.50000000,49790.27000000,22.03637700,1633449599999,1089868.13613241,3332,19.33783000,961549.55940314,0
1633449600000,49793.58000000,50109.06000000,49647.13000000,50100.92000000,17.88215600,1633453199999,892482.38380230,2850,15.88078400,792528.56149207,0
1633453200000,50103.86000000,50199.04000000,37752.50000000,50148.32000000,14.52960700,1633456799999,718934.39847555,2277,12.75030900,637604.50824963,0
1633456800000,50146.52000000,50737.97000000,49680.03000000,50612.44000000,19.17036100,1633460399999,966739.80183155,2968,18.40022900,928039.60208283,0
1633460400000,50611.31000000,51411.00000000,50500.00000000,51180.01000000,19.97941700,1633463999999,1016157.66032678,3436,19.24928100,979050.56989743,0
1633464000000,51182.52000000,90000.00000000,37752.50000000,51455.84000000,23.27189900,1633467599999,1188593.92538158,3786,21.14330500,1089743.52323713,0
1633467600000,51467.22000000,57826.58000000,51253.21000000,51731.91000000,16.61208800,1633471199999,857402.59163374,2544,16.22893000,837471.92663927,0
1633471200000,51718.61000000,53230.00000000,45927.85000000,51346.69000000,17.34500100,1633474799999,887930.21337293,2614,16.67463700,853599.48103544,0
1633474800000,51346.76000000,57826.58000000,37752.50000000,51453.75000000,14.91608700,1633478399999,755753.22570939,2232,13.44668300,692078.45998878,0
1633478400000,51454.51000000,51600.00000000,51201.66000000,51324.34000000,15.89804100,1633481999999,815688.65313755,2310,15.63947400,802420.78123632,0
1633482000000,51324.34000000,57826.58000000,45097.56000000,51279.00000000,18.45110700,1633485599999,943035.25919583,2881,16.36634000,838050.41284963,0
1633485600000,51278.96000000,51589.51000000,42599.03000000,51545.59000000,15.78014200,1633489199999,805539.47885275,2239,12.71552700,652823.73919432,0
1633489200000,51545.56000000,51600.02000000,51300.00000000,51529.05000000,14.48115700,1633492799999,745605.12801418,2151,13.12844600,675932.04878364,0
1633492800000,51508.54000000,51582.00000000,51238.04000000,51325.82000000,14.73050200,1633496399999,757039.04957915,2336,14.10171300,724729.35694025,0
1633496400000,51320.07000000,51826.00000000,51198.71000000,51521.80000000,19.12418400,1633499999999,984150.44227854,3042,16.89627800,869328.49115167,0
1633500000000,51512.36000000,51713.31000000,51453.30000000,51514.95000000,14.21952400,1633503599999,733672.40953696,2406,12.78994700,659927.21754400,0
1633503600000,51507.18000000,51562.15000000,51207.33000000,51452.73000000,19.59427500,1633507199999,1007275.36237509,3028,17.42722000,895858.42184942,0
1633507200000,51450.00000000,51497.42000000,41370.89000000,50693.37000000,24.58601100,1633510799999,1249250.55953355,4078,22.69707900,1153929.08739590,0
1633510800000,50671.30000000,50817.64000000,40932.69000000,50696.78000000,26.42205200,1633514399999,1293526.08902176,3947,23.47365900,1147810.59314987,0
1633514400000,50684.74000000,57826.58000000,42599.03000000,51155.83000000,28.93233500,1633517999999,1467713.54596788,4695,22.38916900,1143804.83687826,0
1633518000000,51160.35000000,55548.10000000,40782.46000000,51300.02000000,22.48495100,1633521599999,1137431.89081773,3385,18.32605100,940748.04743594,0
1633521600000,51290.47000000,69999.99000000,40782.46000000,52748.06000000,25.07948200,1633525199999,1301935.61399258,4309,22.37357300,1165566.95508285,0
1633525200000,52741.68000000,61873.42000000,40782.46000000,53983.22000000,26.89219400,1633528799999,1452423.39502173,5054,24.43129300,1319431.87199414,0
1633528800000,53988.42000000,61873.42000000,40782.46000000,54502.93000000,26.65231500,1633532399999,1428159.48571699,5169,23.22985800,1258360.02033559,0
1633532400000,54504.30000000,62126.58000000,40782.46000000,55007.67000000,24.43298100,1633535999999,1309221.58971591,4693,20.90545500,1141901.25577577,0
1633536000000,54987.05000000,58343.44000000,40782.46000000,54891.35000000,21.75444100,1633539599999,1171862.50538517,4090,19.39074100,1059445.55130342,0
1633539600000,54891.74000000,58343.44000000,40782.46000000,54578.21000000,20.16295000,1633543199999,1096371.10518799,3825,18.63914300,1020338.09998863,0
1633543200000,54581.22000000,55097.99000000,45000.00000000,54525.61000000,18.39743100,1633546799999,1004539.37636860,3577,17.11052200,936786.74271064,0
1633546800000,54527.81000000,57569.62000000,54514.47000000,55050.00000000,17.53484400,1633550399999,961700.78546739,3575,15.81791500,867413.86209020,0
1633550400000,55050.00000000,55367.05000000,50499.40000000,54926.25000000,17.83410500,1633553999999,981816.47455212,3964,16.47705900,907845.39708736,0
1633554000000,54918.25000000,55263.14000000,54884.11000000,55080.23000000,13.12800800,1633557599999,723025.85608614,2858,12.27530600,676047.45321059,0
1633557600000,55075.36000000,55251.30000000,54899.01000000,55148.00000000,13.90250000,1633561199999,765804.52729179,2835,13.11628400,722488.54243135,0
1633561200000,55150.23000000,55741.36000000,55119.09000000,55315.89000000,17.90510100,1633564799999,991396.59589499,3760,16.49382200,913231.82639466,0
1633564800000,55312.34000000,55701.12000000,45000.00000000,54803.54000000,19.64096700,1633568399999,1071566.06392430,3528,17.82726000,978123.91916655,0
1633568400000,54794.62000000,54905.67000000,47189.87000000,54783.35000000,20.08181000,1633571999999,1095819.40786732,3758,19.12072300,1043430.30683097,0
1633572000000,54784.44000000,55219.92000000,54685.51000000,55075.57000000,15.49211200,1633575599999,851838.28959378,3069,14.17204100,779197.99193936,0
1633575600000,55071.21000000,55215.59000000,54260.57000000,54807.72000000,16.31023400,1633579199999,896185.31412334,3116,15.47555400,850378.06469117,0
1633579200000,54808.19000000,55226.09000000,54762.46000000,55073.22000000,14.64987200,1633582799999,806360.19508402,3085,12.85039800,707282.28725316,0
1633582800000,55073.16000000,55073.16000000,54531.65000000,54732.93000000,15.06284600,1633586399999,824060.25440707,2784,14.16633300,775006.56119130,0
1633586400000,54734.34000000,54962.00000000,54302.58000000,54531.85000000,14.70895800,1633589999999,803960.52143136,2890,13.75448600,751823.35779709,0
1633590000000,54532.18000000,54871.21000000,51217.36000000,54749.17000000,24.84295000,1633593599999,1353431.77133908,6699,20.05577000,1094006.90560294,0
1633593600000,54743.24000000,54781.61000000,46177.22000000,54538.31000000,31.02761800,1633597199999,1647006.20378392,7205,26.65181200,1411983.28329619,0
1633597200000,54538.31000000,54541.05000000,51746.84000000,54293.41000000,25.15069400,1633600799999,1362680.34654614,6645,21.80334500,1181239.94388724,0
1633600800000,54300.00000000,54427.80000000,53726.32000000,53906.63000000,22.24935000,1633604399999,1203120.38294199,6124,19.44667000,1051489.56470583,0
1633604400000,53906.62000000,54360.24000000,53415.89000000,54298.62000000,22.20833500,1633607999999,1200791.30432776,6037,17.97048500,972229.42763221,0
1633608000000,54298.55000000,54353.69000000,53600.00000000,53975.00000000,18.73539400,1633611599999,1012774.18595383,3820,17.08059900,923152.64658478,0
1633611600000,53983.13000000,54689.82000000,53772.16000000,54571.06000000,19.23204300,1633615199999,1042213.64046036,3828,17.89790500,969742.70775151,0
1633615200000,54564.61000000,54674.46000000,53415.89000000,53825.38000000,21.16918200,1633618799999,1146493.25515373,4263,19.22117500,1041020.28637001,0
1633618800000,53780.01000000,58343.44000000,53659.00000000,53895.05000000,15.20022100,1633622399999,821349.89458042,3122,14.81387000,800493.65798246,0
1633622400000,53899.99000000,54300.03000000,53415.89000000,54154.72000000,16.39081700,1633625999999,883111.27894362,3491,15.73946100,847973.19456952,0
1633626000000,54154.72000000,54306.02000000,54017.96000000,54170.20000000,14.68228900,1633629599999,795434.20326177,3077,13.31019600,721054.35655357,0
1633629600000,54164.95000000,60000.00000000,53829.55000000,53895.91000000,14.27354300,1633633199999,773180.36622575,2692,13.94871700,755642.46618196,0
1633633200000,53895.91000000,100000.00000000,42599.03000000,53958.02000000,24.06559800,1633636799999,1270057.60173596,3926,18.82342800,1009937.29203901,0
1633636800000,53962.76000000,54615.04000000,53834.52000000,54160.62000000,13.92211400,1633640399999,753128.75209520,2560,12.74408700,689415.94766602,0
1633640400000,54164.91000000,54500.00000000,53997.80000000,54272.90000000,11.98621300,1633643999999,650929.04216237,2746,11.18646400,607479.96306681,0
1633644000000,54274.00000000,54804.00000000,53765.05000000,53910.08000000,17.32448900,1633647599999,935410.61409740,3428,16.68276600,900674.47847944,0
1633647600000,53895.57000000,53953.39000000,53607.28000000,53779.81000000,11.73689600,1633651199999,631462.57747606,2170,11.49700000,618554.38144775,0
1633651200000,53785.22000000,54215.22000000,53715.01000000,54121.63000000,13.35468700,1633654799999,721226.19661566,2787,12.08587100,652598.76170057,0
1633654800000,54113.42000000,54394.94000000,54051.58000000,54297.41000000,11.53301200,1633658399999,625342.94197076,2553,11.00663800,596807.09883477,0
1633658400000,54297.35000000,54418.01000000,53727.05000000,53842.01000000,14.92813100,1633661999999,806427.15139687,3723,13.75872000,743341.90517459,0
1633662000000,53842.01000000,54847.54000000,51217.36000000,53820.36000000,15.21958400,1633665599999,816718.81470759,2867,12.81457500,689537.86360268,0
1633665600000,53796.98000000,53967.32000000,53772.59000000,53877.77000000,11.40232200,1633669199999,614274.91522053,2484,10.06907600,542459.87857866,0
1633669200000,53877.93000000,54172.97000000,53567.10000000,54172.94000000,13.91451800,1633672799999,749705.04538387,3520,11.72551200,631549.69051654,0
1633672800000,54172.94000000,54260.00000000,54000.00000000,54112.35000000,13.67714300,1633676399999,740233.58438504,3864,11.76748900,636860.34840744,0
1633676400000,54108.72000000,200000.00000000,42599.03000000,54831.10000000,21.22092000,1633679999999,1138725.63189979,3894,16.87378900,918695.85864657,0
1633680000000,54829.39000000,56078.87000000,42599.03000000,55800.01000000,24.33398900,1633683599999,1330770.09402461,4746,22.29886600,1220987.08193502,0
1633683600000,55800.01000000,55900.00000000,54891.07000000,55234.97000000,17.87844800,1633687199999,992172.02675674,3844,16.95054400,940735.83798779,0
1633687200000,55235.98000000,55570.01000000,55182.17000000,55476.12000000,15.05040200,1633690799999,833536.34406534,3192,13.82788200,765765.84488279,0
1633690800000,55485.67000000,55900.00000000,51217.36000000,55240.11000000,15.74534600,1633694399999,870074.86641395,3066,13.54477800,750322.50546661,0
1633694400000,55233.76000000,55296.97000000,54071.66000000,54845.73000000,19.48651900,1633697999999,1070566.21035398,3519,17.85928500,981233.30385198,0
1633698000000,54841.01000000,55900.00000000,42599.03000000,54179.00000000,24.46629600,1633701599999,1307428.55151659,3662,20.92684000,1124131.63914713,0
1633701600000,54179.00000000,55900.00000000,53415.89000000,54584.01000000,18.04991200,1633705199999,982401.02121169,4035,15.02791200,818231.00097104,0
1633705200000,54569.84000000,55900.00000000,51217.36000000,54319.81000000,20.41028500,1633708799999,1108614.50853212,3387,16.26507400,885498.88057824,0
1633708800000,54319.81000000,95000.00000000,51217.36000000,54294.96000000,19.70839600,1633712399999,1072962.45607880,3149,15.36250100,840067.47183835,0
1633712400000,54291.70000000,54890.57000000,53415.89000000,54293.87000000,15.88436700,1633715999999,860962.07945105,2597,12.50068200,678354.02152163,0
1633716000000,54292.02000000,55098.17000000,53415.89000000,54503.94000000,13.67205700,1633719599999,744974.06095147,2916,11.60914600,632582.31465564,0
1633719600000,54490.59000000,59000.00000000,53415.89000000,54684.26000000,14.39732600,1633723199999,785133.34314423,3125,12.01431600,655465.43260941,0
1633723200000,54681.47000000,55230.72000000,53415.89000000,53990.23000000,14.24077600,1633726799999,773971.30971673,2626,12.78902300,695108.82315271,0
1633726800000,54000.00000000,59593.37000000,51217.36000000,54162.20000000,19.88134300,1633730399999,1072716.46363680,3053,14.25598000,772206.57611948,0
1633730400000,54162.20000000,60000.00000000,42599.03000000,54071.85000000,22.25634900,1633733999999,1178942.09240980,3137,18.11200500,959418.34441794,0
1633734000000,54050.31000000,80000.00000000,53415.89000000,53943.25000000,16.45550000,1633737599999,887827.37858544,2800,13.13616900,708862.92662041,0
1633737600000,53946.54000000,54420.54000000,53415.89000000,54260.01000000,14.97893000,1633741199999,810071.90789935,2948,13.58045600,734376.09544997,0
1633741200000,54262.73000000,55500.00000000,53849.99000000,54021.46000000,11.87958500,1633744799999,641757.24156444,2383,11.40931900,616343.15222736,0
1633744800000,54002.14000000,54189.88000000,53842.66000000,54155.23000000,10.05504600,1633748399999,543302.66263493,2032,9.02038700,487308.35539810,0
1633748400000,54156.39000000,58000.00000000,40782.46000000,54577.27000000,21.67112700,1633751999999,1149263.67526371,3580,17.02410400,899968.39556970,0
1633752000000,54560.59000000,57578.96000000,53415.89000000,54684.59000000,14.04559500,1633755599999,765700.76728011,2640,10.32068200,563792.94170444,0
1633755600000,54684.63000000,55462.76000000,51217.36000000,54591.78000000,15.86477800,1633759199999,863317.03971951,3074,9.68441800,528185.53955453,0
1633759200000,54597.79000000,56100.00000000,53415.89000000,54835.45000000,18.42006500,1633762799999,1008994.51733914,3833,15.77490500,864388.90498694,0
1633762800000,54837.90000000,55447.64000000,53415.89000000,54913.98000000,13.49920000,1633766399999,739882.59600694,2891,10.89434200,597641.07179704,0
1633766400000,54917.56000000,61995.00000000,51217.36000000,54725.92000000,14.64207600,1633769999999,800142.09045736,3160,12.28716200,673263.62851992,0
1633770000000,54728.46000000,60144.97000000,53415.89000000,54902.20000000,18.29926900,1633773599999,999983.62560981,3978,16.25289900,888808.53906099,0
1633773600000,54903.07000000,54983.95000000,53415.89000000,54881.06000000,26.49158400,1633777199999,1449743.17130275,4981,22.29032000,1220952.57593484,0
1633777200000,54888.88000000,55314.98000000,53415.89000000,53415.89000000,22.56009700,1633780799999,1239407.06533117,4738,20.86179700,1146435.82340272,0
1633780800000,54792.87000000,55163.26000000,53415.89000000,54975.01000000,21.16457000,1633784399999,1164272.94413244,4387,20.36548800,1120306.94407622,0
1633784400000,54975.01000000,55557.91000000,53415.89000000,55240.62000000,22.97209000,1633787999999,1264805.46108082,4828,21.47093600,1182330.01321831,0
1633788000000,55242.20000000,55720.43000000,42599.03000000,55133.16000000,27.22917100,1633791599999,1471671.34597111,5081,23.59787700,1279981.41877270,0
1633791600000,55136.83000000,55354.28000000,42599.03000000,54973.79000000,25.11262400,1633795199999,1363137.93257549,4795,21.64826100,1186792.33210462,0
1633795200000,54977.01000000,55369.32000000,53365.89000000,54804.27000000,23.18738600,1633798799999,1272327.66448868,4607,20.77537700,1140972.28727725,0
1633798800000,54802.03000000,55398.26000000,51217.36000000,54905.38000000,26.75792400,1633802399999,1452802.45066284,4359,21.41509400,1174415.71309021,0
1633802400000,54914.06000000,55592.70000000,40782.46000000,50374.47000000,21.86942800,1633805999999,1193476.39954014,3795,19.58283000,1071724.30766049,0
1633806000000,50374.47000000,55525.58000000,40782.46000000,54653.96000000,23.58714800,1633809599999,1265622.53908408,3673,21.89371600,1175444.08257958,0
1633809600000,54653.84000000,55127.39000000,53415.89000000,54660.62000000,21.19400000,1633813199999,1154579.45047560,3405,19.37389100,1055780.71966813,0
1633813200000,54663.37000000,54853.76000000,54554.68000000,54841.99000000,14.50904600,1633816799999,793642.97919455,2559,13.32095400,728669.46147071,0
1633816800000,54846.47000000,55346.07000000,54500.00000000,54893.72000000,16.92401100,1633820399999,928242.60473009,3212,16.18128500,887535.64296233,0
1633820400000,54896.00000000,55571.76000000,54357.80000000,54952.86000000,17.79104200,1633823999999,977954.46010826,3081,16.87361400,927683.52966215,0
1633824000000,54957.47000000,142966.69000000,53978.62000000,54907.15000000,19.81759600,1633827599999,1089724.32535759,3638,18.52887300,1019177.90890296,0
1633827600000,54905.28000000,54951.01000000,54383.67000000,54390.01000000,19.84309700,1633831199999,1082667.27357790,3396,19.62574200,1070805.69032535,0
1633831200000,54385.98000000,54753.54000000,53415.89000000,54643.90000000,19.87163100,1633834799999,1082615.19845629,3415,18.36574500,1001185.91219028,0
1633834800000,54633.52000000,55154.05000000,53415.89000000,55062.45000000,18.75041400,1633838399999,1027241.92293050,3632,16.81054300,921219.91087590,0
1633838400000,55045.47000000,55954.78000000,53415.89000000,55865.31000000,21.20483600,1633841999999,1171067.43409292,4013,20.14050000,1112725.71084987,0
1633842000000,55871.78000000,56044.16000000,53415.89000000,55651.68000000,20.99492900,1633845599999,1167895.74617513,4030,19.26310300,1072047.19197372,0
1633845600000,55651.72000000,56134.23000000,51217.36000000,55606.34000000,22.72833600,1633849199999,1261028.60638883,4942,19.31754000,1074423.19769961,0
1633849200000,55606.35000000,60157.22000000,42900.00000000,55668.18000000,32.20501200,1633852799999,1717245.26336700,4413,29.15040600,1552585.60661352,0
1633852800000,55667.26000000,58010.79000000,53415.89000000,55564.18000000,21.25874600,1633856399999,1181892.44146490,4185,19.02773800,1059741.43689997,0
1633856400000,55564.18000000,56409.11000000,53415.89000000,54974.26000000,24.53060600,1633859999999,1350620.43444535,4784,22.17659400,1221732.74438934,0
1633860000000,54972.31000000,65144.93000000,53415.89000000,55009.55000000,20.56103700,1633863599999,1130347.02839952,3678,18.37635100,1011765.21984243,0
1633863600000,55000.00000000,61956.52000000,54529.01000000,55149.09000000,20.28417700,1633867199999,1116388.64521602,3931,18.51131700,1018916.27590943,0
1633867200000,55142.01000000,55486.10000000,53415.89000000,54942.42000000,24.39186600,1633870799999,1337721.69535484,4544,20.12150200,1105629.22207274,0
1633870800000,54941.74000000,55350.75000000,53415.89000000,55226.90000000,22.59237900,1633874399999,1244552.92548854,4120,19.12983700,1054025.85711781,0
1633874400000,55228.60000000,77036.33000000,40782.46000000,55125.25000000,34.55428800,1633877999999,1817798.51462446,4421,25.64822100,1381365.40013855,0
1633878000000,55122.68000000,55526.55000000,51217.36000000,55377.12000000,23.14385900,1633881599999,1274771.44016701,4486,19.64287800,1084342.15556095,0
1633881600000,55368.41000000,55499.00000000,53415.89000000,55465.63000000,23.34707500,1633885199999,1290280.73626653,4643,20.30458100,1123198.70169803,0
1633885200000,55471.07000000,55490.73000000,54996.17000000,55339.31000000,21.81310500,1633888799999,1203894.39336143,4004,20.66958400,1140786.72879167,0
1633888800000,55344.70000000,55362.91000000,53415.89000000,55315.44000000,19.94663000,1633892399999,1100340.96945370,3272,17.33179300,957123.54882868,0
1633892400000,55312.65000000,166096.12000000,55224.51000000,55453.88000000,19.81857800,1633895999999,1098166.56850120,3659,18.13381000,1004953.03409547,0
1633896000000,55450.25000000,56712.03000000,53415.89000000,55421.58000000,25.28094600,1633899599999,1409473.74325951,4535,21.30585100,1187238.90684960,0
1633899600000,55430.99000000,63338.46000000,53415.89000000,54799.40000000,15.73015600,1633903199999,864833.98107902,2419,12.81867600,707678.29095739,0
1633903200000,54799.79000000,54947.63000000,53415.89000000,54918.80000000,17.50494400,1633906799999,958476.47898644,3224,16.74039300,916724.42309626,0
1633906800000,54918.80000000,54945.00000000,53415.89000000,54678.48000000,15.72436500,1633910399999,860559.86503625,3104,15.21057800,832438.13406917,0
1633910400000,54663.11000000,55165.45000000,54419.07000000,55138.35000000,21.01627100,1633913999999,1151703.63254917,4037,19.68906400,1078821.81196762,0
1633914000000,55150.11000000,55621.94000000,39729.29000000,55330.93000000,30.08008500,1633917599999,1609664.16259222,4642,26.06879900,1394228.23255452,0
1633917600000,55330.72000000,55799.95000000,55292.70000000,55799.95000000,11.77424300,1633921199999,653025.32142528,2515,10.47253800,580820.61415093,0
1633921200000,55799.88000000,59228.14000000,55008.88000000,56517.83000000,19.93843600,1633924799999,1119834.26390871,4050,17.86123500,1003223.30086014,0
1633924800000,56505.04000000,56771.50000000,53415.89000000,56458.36000000,17.09640500,1633928399999,965525.10145545,3409,15.20831800,859668.05751725,0
1633928400000,56460.00000000,57199.00000000,56142.87000000,56528.00000000,13.34886700,1633931999999,753140.22727789,2711,12.14267200,685085.64164986,0
1633932000000,56534.00000000,56760.63000000,54680.79000000,56678.65000000,13.80653300,1633935599999,781525.02131043,3035,11.96972000,677598.77169168,0
1633935600000,56678.63000000,57030.00000000,56560.01000000,56796.81000000,17.44722800,1633939199999,990017.72877404,3970,14.81130500,840457.32764578,0
1633939200000,56789.77000000,56866.08000000,53415.89000000,56556.67000000,18.59586600,1633942799999,1048869.73365785,3816,15.64988500,885056.19336058,0
1633942800000,56555.00000000,56740.72000000,42599.03000000,56491.79000000,20.28257900,1633946399999,1112469.03052632,3970,16.69864100,913687.46601405,0
1633946400000,56491.12000000,68534.45000000,53415.89000000,56187.22000000,14.97001800,1633949999999,842908.21868602,2998,12.03927900,679705.06416593,0
1633950000000,56190.16000000,57596.00000000,53415.89000000,56400.08000000,21.48137400,1633953599999,1206191.17343810,4057,16.09392300,905988.96572295,0
1633953600000,56400.63000000,56538.38000000,56000.65000000,56462.65000000,14.06862500,1633957199999,793223.81725786,2840,13.17241200,742665.74801296,0
1633957200000,56462.79000000,57424.37000000,56150.00000000,57225.66000000,27.03859700,1633960799999,1540980.66916641,6184,20.75374900,1182705.16884445,0
1633960800000,57224.29000000,73175.00000000,39729.29000000,57445.00000000,32.50136400,1633964399999,1820887.38288054,6162,24.06374800,1356463.51337946,0
1633964400000,57447.95000000,64782.01000000,42599.03000000,57487.87000000,29.02969700,1633967999999,1589447.36480946,4195,22.37485800,1267765.04856205,0
1633968000000,57490.15000000,57767.19000000,39729.29000000,57286.19000000,27.11352600,1633971599999,1468384.34493929,4365,21.36438900,1186011.59815038,0
1633971600000,57276.57000000,57886.84000000,57169.14000000,57418.94000000,14.86657800,1633975199999,853145.17474311,2983,13.19968500,757458.71992803,0
1633975200000,57418.99000000,80921.57000000,57300.01000000,57343.29000000,13.25532300,1633978799999,761764.03312705,3101,11.78384300,676573.96720783,0
1633978800000,57343.26000000,60000.00000000,51217.36000000,57489.12000000,21.02179900,1633982399999,1192394.79557919,3651,15.73392500,906207.21881409,0
1633982400000,57488.34000000,57503.35000000,40782.46000000,57313.70000000,27.59931000,1633985999999,1523327.69941809,4085,20.49778000,1142821.56452387,0
1633986000000,57327.03000000,57399.99000000,53415.89000000,57156.54000000,12.18195600,1633989599999,694115.44616688,2394,10.68784600,610970.24660050,0
1633989600000,57092.12000000,60298.00000000,53415.89000000,57172.00000000,11.70923900,1633993199999,668507.54783566,2229,10.49360900,600349.36059932,0
1633993200000,57162.92000000,59900.00000000,57075.02000000,57481.34000000,11.16522900,1633996799999,639221.20460156,2045,10.21747800,584889.62607333,0
1633996800000,57470.01000000,57470.01000000,51217.36000000,56936.46000000,17.24542500,1634000399999,981397.05069561,3038,15.73960500,895750.52920563,0
1634000400000,56904.63000000,57500.01000000,51217.36000000,57065.97000000,13.76281300,1634003999999,783638.56692876,2530,12.59792300,717790.74119849,0
1634004000000,57064.14000000,57148.80000000,51217.36000000,56761.92000000,14.63472500,1634007599999,832772.89711063,2745,12.27168700,698574.28361737,0
1634007600000,56754.78000000,56779.59000000,39729.29000000,56708.01000000,17.70266400,1634011199999,980211.02222020,2519,15.71467100,869005.81795440,0
1634011200000,56708.52000000,57037.36000000,51217.36000000,56963.45000000,15.46943500,1634014799999,874477.26272341,2532,10.94047200,620974.11428654,0
1634014800000,56967.07000000,57644.25000000,56590.00000000,57402.09000000,16.66034700,1634018399999,948779.18986578,3270,14.70323500,837388.11853843,0
1634018400000,57404.88000000,57640.44000000,57063.02000000,57200.00000000,15.91150100,1634021999999,913662.48424964,3173,14.27505200,819592.58183790,0
1634022000000,57200.00000000,91807.49000000,53415.89000000,57340.21000000,16.61927700,1634025599999,946888.08983437,2686,13.62153200,781323.34962489,0
1634025600000,57340.21000000,90850.19000000,39729.29000000,57459.23000000,40.11826100,1634029199999,2213973.20849138,5411,27.93433400,1522976.90856856,0
1634029200000,57463.41000000,57505.87000000,39729.29000000,56947.36000000,21.28608500,1634032799999,1213814.96979080,3732,16.00707600,912807.57069399,0
1634032800000,56942.66000000,57432.36000000,53415.89000000,57210.07000000,23.31179000,1634036399999,1326667.52919724,4415,18.60136500,1058752.79522222,0
1634036400000,57177.00000000,57382.42000000,57036.45000000,57240.15000000,15.44951500,1634039999999,883825.99286313,3117,13.25128800,758108.79210784,0
1634040000000,57240.15000000,57284.95000000,56753.00000000,56883.59000000,17.51630500,1634043599999,997941.62742360,3176,16.25784300,926253.11724840,0
1634043600000,56884.28000000,62500.00000000,56789.68000000,56948.20000000,27.46786200,1634047199999,1570325.66733138,4722,20.59018000,1177516.93364571,0
1634047200000,56936.72000000,57133.03000000,56094.00000000,56397.89000000,29.42377400,1634050799999,1672250.83714046,4865,20.29590700,1154189.67242359,0
1634050800000,56395.16000000,56622.16000000,53415.89000000,56317.58000000,25.03469000,1634054399999,1399426.23528776,4544,20.51417400,1147984.08797114,0
1634054400000,56303.20000000,57034.46000000,53013.80000000,55911.00000000,25.48025000,1634057999999,1425492.93665661,3950,20.74018100,1164481.95807181,0
1634058000000,55896.09000000,57054.37000000,51548.80000000,55914.86000000,39.62442300,1634061599999,2205514.81365782,5506,26.95586500,1505456.39944638,0
1634061600000,55914.86000000,57038.46000000,55556.34000000,55576.15000000,15.71569100,1634065199999,876778.16399671,2551,14.16417800,790301.67009072,0
1634065200000,55534.17000000,55875.65000000,55228.51000000,55324.96000000,15.43349900,1634068799999,858693.50279302,2825,13.21161900,735153.45357128,0
1634068800000,55283.84000000,55593.55000000,54113.44000000,55355.16000000,23.76790300,1634072399999,1310420.20171059,4128,20.37641900,1123687.69204055,0
1634072400000,55361.08000000,56076.82000000,55097.60000000,56075.93000000,17.21532300,1634075999999,958140.45481409,3031,13.74948600,764948.51145149,0
1634076000000,56074.08000000,56403.47000000,56037.81000000,56392.95000000,16.28275800,1634079599999,915331.71994914,3226,13.38755900,752609.02486194,0
1634079600000,56390.01000000,56566.67000000,55942.72000000,56014.01000000,12.51602700,1634083199999,704300.74684531,2620,10.25260400,576900.63054030,0
1634083200000,55987.18000000,56513.01000000,55825.39000000,56452.85000000,17.26643400,1634086799999,971036.11232505,3160,15.18657400,853953.18425236,0
1634086800000,56459.82000000,56570.22000000,56157.70000000,56292.09000000,14.36399500,1634090399999,809031.16168626,2727,11.64410900,655758.75875558,0
1634090400000,56285.18000000,56432.00000000,56207.39000000,56421.55000000,13.53992400,1634093999999,762093.55598094,2751,12.36360100,695885.30582916,0
1634094000000,56420.04000000,56463.38000000,56239.26000000,56275.68000000,10.15825700,1634097599999,572241.40395720,2086,8.90379400,501506.86230683,0
1634097600000,56277.79000000,56364.97000000,56042.30000000,56084.84000000,8.93366700,1634101199999,502346.32267668,1707,8.31974500,467794.09560028,0
1634101200000,56078.12000000,56199.38000000,54993.30000000,54996.04000000,17.08700500,1634104799999,951269.61649520,2918,15.79324100,879178.62189725,0
1634104800000,54951.71000000,55518.84000000,54390.60000000,55379.24000000,17.67067500,1634108399999,976889.64351621,3208,16.25360900,898837.58099429,0
1634108400000,55357.68000000,55470.08000000,51548.80000000,54624.91000000,18.50709900,1634111999999,1014969.87414957,3282,16.58646600,911486.73487433,0
1634112000000,54607.61000000,55350.00000000,51217.36000000,54622.00000000,21.27177400,1634115599999,1163511.35333178,3865,19.42205200,1065853.53265033,0
1634115600000,54620.01000000,54947.14000000,54254.11000000,54888.41000000,18.24775300,1634119199999,997006.65564041,3433,17.11605100,935117.61278430,0
1634119200000,54890.22000000,55142.45000000,51217.36000000,54651.72000000,17.26043500,1634122799999,944185.96290841,3161,14.00033700,767584.08034567,0
1634122800000,54657.87000000,56380.71000000,45678.00000000,55198.29000000,20.50534400,1634126399999,1117488.53489578,3476,17.10299500,938495.08186128,0
1634126400000,55194.00000000,55340.04000000,54547.12000000,55054.31000000,18.47873700,1634129999999,1018028.96936710,3591,15.49913400,853859.84091406,0
1634130000000,55056.50000000,55259.05000000,42599.03000000,54898.54000000,21.77944400,1634133599999,1173965.53319241,3709,13.43367200,739664.28956923,0
1634133600000,54890.82000000,55859.30000000,52221.70000000,55787.18000000,28.76632100,1634137199999,1589669.04579972,4382,25.37295100,1401466.25866318,0
1634137200000,55784.15000000,56436.72000000,55710.31000000,56159.12000000,19.91556800,1634140799999,1118697.51967559,3821,18.80612200,1056373.47766157,0
1634140800000,56168.63000000,57210.01000000,56000.00000000,56938.41000000,19.92327500,1634144399999,1125593.62558601,4136,16.41322900,926696.95301546,0
1634144400000,56938.21000000,57235.83000000,56780.01000000,56895.21000000,14.97234500,1634147999999,852858.71913306,3048,13.86481200,789757.44372746,0
1634148000000,56883.90000000,57177.34000000,55874.33000000,56969.56000000,16.33650800,1634151599999,930357.37686451,3007,14.10060300,803454.20442564,0
1634151600000,56976.38000000,57472.08000000,56777.35000000,57262.10000000,18.21725500,1634155199999,1039319.00335737,3525,15.37394100,877195.66864897,0
1634155200000,57259.76000000,150000.00000000,55580.70000000,56969.49000000,26.30615600,1634158799999,1504726.52825599,4440,20.31525500,1163231.06647577,0
1634158800000,56975.85000000,57714.08000000,56903.43000000,57511.72000000,20.18711800,1634162399999,1156973.71759549,3079,15.00159800,859709.67553825,0
1634162400000,57511.58000000,59000.00000000,56590.54000000,57384.64000000,20.61540800,1634165999999,1185526.72611821,3106,16.50371200,949689.63564800,0
1634166000000,57371.19000000,57489.59000000,55497.12000000,57371.41000000,15.56331700,1634169599999,890678.87087566,2405,13.62307900,781003.52481639,0
1634169600000,57366.99000000,57686.62000000,57083.75000000,57677.62000000,16.48130000,1634173199999,946424.78569641,3104,15.02145200,862606.38361571,0
1634173200000,57686.62000000,58461.34000000,57631.25000000,58300.01000000,21.54040200,1634176799999,1252356.00337928,4262,20.01599100,1163784.03455820,0
1634176800000,58300.00000000,58505.77000000,57205.74000000,58210.46000000,15.84334400,1634180399999,922676.07583493,3042,13.84387600,806819.18265506,0
1634180400000,58210.46000000,58257.47000000,57106.00000000,58066.80000000,13.42263100,1634183999999,780037.24725467,3224,10.87269200,632059.63135771,0
1634184000000,58066.00000000,58238.70000000,55418.68000000,57985.99000000,14.73685500,1634187599999,852432.47113891,2331,12.65543400,733416.50480185,0
1634187600000,57986.55000000,58105.05000000,57800.46000000,58043.33000000,12.78412900,1634191199999,740884.11666807,2140,12.27582900,711440.18269207,0
1634191200000,57950.01000000,58210.71000000,55329.96000000,57671.27000000,19.24024700,1634194799999,1110619.30215253,3251,14.78286800,855259.22848124,0
1634194800000,57672.47000000,58274.10000000,55162.80000000,57367.24000000,23.02406600,1634198399999,1325336.86649164,3319,17.15972400,989127.05618362,0
1634198400000,57367.23000000,57696.48000000,55162.80000000,57467.71000000,16.43004900,1634201999999,940923.05328597,2431,13.46424800,773647.77734745,0
1634202000000,57441.85000000,58272.64000000,57182.12000000,57406.50000000,26.87519100,1634205599999,1542575.62737517,3712,19.77415400,1134270.62510647,0
1634205600000,57407.37000000,58607.09000000,55162.80000000,57660.01000000,17.31900200,1634209199999,997950.53483592,2655,14.62416800,842990.72030766,0
1634209200000,57660.03000000,58602.77000000,57376.00000000,57620.00000000,18.02180900,1634212799999,1042689.20001061,3163,16.25480000,940739.74416289,0
1634212800000,57624.23000000,57909.99000000,57371.21000000,57556.29000000,16.99067100,1634216399999,979364.61937232,2739,15.45826200,890924.57136092,0
1634216400000,57556.27000000,57754.00000000,54605.60000000,57391.21000000,15.81698800,1634219999999,907688.91619858,2357,12.22578200,703111.72040967,0
1634220000000,57399.72000000,58643.21000000,54605.60000000,57424.59000000,19.38110700,1634223599999,1111217.41978582,2903,15.15006800,871549.82112674,0
1634223600000,57385.55000000,58640.29000000,54605.60000000,57335.32000000,16.61184500,1634227199999,954307.76959689,2933,15.17731000,871911.61156898,0
1634227200000,57330.78000000,57541.50000000,50870.00000000,57108.56000000,14.02738200,1634230799999,801065.45648120,2229,13.16245700,753023.53745534,0
1634230800000,57110.36000000,57541.50000000,56758.81000000,57214.37000000,10.72081700,1634234399999,612816.88092065,1730,9.74264900,557012.00607714,0
1634234400000,57185.20000000,58040.61000000,50350.00000000,58040.61000000,22.11613800,1634237999999,1263878.89505273,3325,19.82935900,1136393.17892855,0
1634238000000,58029.33000000,58029.35000000,57081.00000000,57844.51000000,22.51601100,1634241599999,1296522.62855330,3417,15.42842500,888735.48249077,0
1634241600000,57833.12000000,57861.22000000,57360.00000000,57427.63000000,15.77860100,1634245199999,907986.96743557,2443,12.59983800,725134.34566090,0
1634245200000,57427.63000000,57740.00000000,57427.63000000,57740.00000000,8.50380000,1634248799999,489581.80749175,1262,7.82701600,450615.55461947,0
1634248800000,57740.00000000,57745.00000000,57325.92000000,57586.76000000,11.71954500,1634252399999,674858.50817887,1660,7.90676800,455299.59848650,0
1634252400000,57586.77000000,57644.02000000,57220.03000000,57344.75000000,12.80672000,1634255999999,735400.38112848,2041,10.71260200,615067.14980695,0
1634256000000,57340.31000000,57469.10000000,56991.01000000,57043.07000000,15.80666300,1634259599999,903755.49888061,2434,13.74955800,786189.19457865,0
1634259600000,57045.16000000,57303.10000000,56870.00000000,57253.72000000,14.77372700,1634263199999,843412.45231375,2326,13.67989000,781073.65712427,0
1634263200000,57258.63000000,59422.80000000,57095.83000000,59096.56000000,28.66289200,1634266799999,1672734.52956690,4962,24.86491200,1450296.30130035,0
1634266800000,59086.91000000,67413.10000000,58674.53000000,59414.97000000,26.05110900,1634270399999,1543263.05656768,3847,19.39280500,1149647.98657605,0
1634270400000,59431.71000000,59706.07000000,58434.38000000,59585.86000000,23.77746300,1634273999999,1412724.10335392,3639,17.55944300,1044131.23416797,0
1634274000000,59589.06000000,60557.44000000,59159.23000000,59552.72000000,23.07498900,1634277599999,1377130.44610233,3566,19.02271800,1135554.10722382,0
1634277600000,59550.01000000,59734.94000000,59103.00000000,59669.52000000,22.46044900,1634281199999,1336644.85079771,3497,18.57938800,1105801.31380572,0
1634281200000,59644.33000000,59679.97000000,58382.07000000,59215.44000000,19.32415600,1634284799999,1146685.69929599,2958,13.98870000,830429.00596473,0
1634284800000,59219.52000000,59477.17000000,58253.86000000,58938.97000000,29.86915000,1634288399999,1766941.22893709,4729,21.08566700,1247046.19778992,0
1634288400000,58945.32000000,59831.24000000,58744.10000000,59361.78000000,17.23895600,1634291999999,1019137.24592573,3378,16.33299900,965591.32926473,0
1634292000000,59362.05000000,59882.84000000,58874.65000000,59287.51000000,16.98588500,1634295599999,1005347.64271442,2912,14.85520900,879117.55686819,0
1634295600000,59290.98000000,60003.83000000,58253.86000000,59525.00000000,21.63788500,1634299199999,1284661.86884472,3138,15.35714500,912707.90957104,0
1634299200000,59525.01000000,60003.83000000,58094.11000000,59277.40000000,17.10513300,1634302799999,1015551.93959458,2513,13.24584100,787205.64514082,0
1634302800000,59270.01000000,60343.39000000,59224.44000000,59934.28000000,21.71984400,1634306399999,1298248.85327684,3575,16.83811500,1006183.75706951,0
1634306400000,59965.37000000,60261.00000000,58122.95000000,60078.99000000,28.70789700,1634309999999,1719068.30652493,4431,18.78443200,1126301.21335615,0
1634310000000,60077.69000000,60106.45000000,59550.00000000,60046.92000000,19.96345800,1634313599999,1195611.25860344,3569,16.70599900,1000557.02341829,0
1634313600000,60038.36000000,297294.00000000,59870.00000000,61471.00000000,31.91617700,1634317199999,1938178.38152217,5798,23.48754900,1428475.37986326,0
1634317200000,61448.00000000,79999.00000000,60482.78000000,61767.30000000,23.79003000,1634320799999,1461588.29725308,4418,20.51249800,1261230.97519860,0
1634320800000,61762.01000000,62312.00000000,60610.00000000,61649.97000000,17.14957800,1634324399999,1056954.93750270,3118,15.42651500,951137.09992437,0
1634324400000,61649.97000000,62081.35000000,60831.26000000,61454.53000000,17.04191600,1634327999999,1046175.39988911,3085,15.54228200,954274.97771696,0
1634328000000,61446.29000000,63986.00000000,60482.78000000,62552.58000000,25.18281100,1634331599999,1560200.77044051,4858,20.47166600,1268877.73262399,0
1634331600000,62553.12000000,62560.83000000,60813.52000000,61221.98000000,14.58083100,1634335199999,900928.50172234,2737,13.93383600,861046.62480311,0
1634335200000,61226.61000000,61540.52000000,61217.03000000,61294.28000000,13.39546600,1634338799999,822041.28499991,2570,13.11842300,805039.83649107,0
1634338800000,61294.22000000,61707.12000000,59836.38000000,61664.81000000,10.69340300,1634342399999,653437.17199829,2200,8.88792400,543667.93789117,0
1634342400000,61672.42000000,61770.00000000,61206.14000000,61448.92000000,13.32048000,1634345999999,818536.44321758,2285,12.03529300,739600.77673727,0
1634346000000,61431.82000000,61551.67000000,61200.01000000,61383.61000000,12.06716000,1634349599999,740833.79191785,2029,11.43847100,702221.59069720,0
1634349600000,61389.00000000,61715.73000000,61124.82000000,61613.96000000,10.01327400,1634353199999,614643.65604776,1865,9.50432200,583343.79097640,0
1634353200000,61618.38000000,61765.73000000,61360.23000000,61647.44000000,9.38687700,1634356799999,578055.19367630,1718,8.62137900,530880.06707946,0
1634356800000,61645.80000000,62157.36000000,61550.00000000,61742.88000000,12.30276000,1634360399999,760565.21774969,2523,11.63144500,719072.55836061,0
1634360400000,61743.55000000,62557.00000000,61550.00000000,62133.83000000,11.31430800,1634363999999,702387.74836350,2344,10.84158900,673063.51086855,0
1634364000000,62133.83000000,63143.75000000,60850.00000000,61857.70000000,11.16308600,1634367599999,692819.31198697,2441,9.48534200,589041.96013879,0
1634367600000,61856.01000000,71000.00000000,60710.00000000,61739.62000000,13.56072900,1634371199999,837893.44022424,2584,11.92881100,737510.39059695,0
1634371200000,61733.92000000,62056.31000000,60990.00000000,61528.23000000,13.77398800,1634374799999,850899.34949717,2826,12.45344300,769340.88709210,0
1634374800000,61529.92000000,64000.00000000,59654.69000000,61413.90000000,14.34589200,1634378399999,881946.08815534,2654,12.34240300,759568.46715056,0
1634378400000,61424.73000000,61680.01000000,60910.00000000,61521.94000000,10.38865000,1634381999999,639376.84643965,2061,9.55814700,588302.55207834,0
1634382000000,61527.27000000,61754.45000000,60840.00000000,61593.91000000,14.16112100,1634385599999,871059.07161748,2502,12.83644300,789568.71744222,0
1634385600000,61597.27000000,63579.66000000,60500.00000000,60678.99000000,20.05004600,1634389199999,1227748.16691436,4392,16.52213000,1011916.88443980,0
1634389200000,60679.14000000,61195.16000000,60521.01000000,61015.57000000,20.07712700,1634392799999,1221797.29538116,4907,17.43482400,1061028.10645718,0
1634392800000,61015.61000000,63579.66000000,59531.24000000,60911.07000000,22.64469400,1634396399999,1381309.89432762,4544,16.89968500,1032239.37530987,0
1634396400000,60887.55000000,74500.00000000,60169.21000000,60938.56000000,19.64856900,1634399999999,1197084.74768600,4372,15.82702900,964781.09187482,0
1634400000000,60936.13000000,62463.33000000,57943.83000000,60643.16000000,17.44630000,1634403599999,1056680.96022184,3016,11.94187800,725735.16132582,0
1634403600000,60638.93000000,61749.09000000,57729.10000000,60590.17000000,21.15951200,1634407199999,1276253.66136922,3664,16.32401700,986743.41247878,0
1634407200000,60592.08000000,62500.00000000,60482.78000000,61039.55000000,14.36434500,1634410799999,873377.21064150,2856,11.77862500,716157.60533619,0
1634410800000,61055.65000000,61085.64000000,60482.78000000,60826.75000000,9.42508400,1634414399999,574414.74394426,1696,7.57807800,462072.20626092,0
1634414400000,60831.58000000,61056.93000000,57526.97000000,61021.38000000,16.58856900,1634417999999,1005433.44983894,2845,13.07424100,794388.31398570,0
1634418000000,61026.23000000,61286.13000000,60671.38000000,60672.28000000,9.28841600,1634421599999,566550.77681937,1884,8.16833300,498266.25487453,0
1634421600000,60670.18000000,60938.75000000,60501.00000000,60811.53000000,10.67673500,1634425199999,648219.66617582,1860,9.78947100,594364.14498596,0
1634425200000,60794.57000000,61086.33000000,60701.10000000,60875.57000000,8.74606700,1634428799999,532681.12810122,1543,7.39987400,450690.06593026,0
1634428800000,60875.53000000,61157.92000000,60482.78000000,60911.98000000,14.95553700,1634432399999,909368.47442000,3467,13.17521600,801149.86607463,0
1634432400000,60916.19000000,61400.00000000,60100.00000000,61077.67000000,14.05702600,1634435999999,857829.61352545,2916,10.77742400,658224.27390910,0
1634436000000,61077.62000000,65000.00000000,60550.00000000,61093.36000000,12.01455900,1634439599999,732995.81286641,2463,10.64097800,649325.68442588,0
1634439600000,61095.46000000,61357.95000000,61044.45000000,61115.86000000,9.52501200,1634443199999,583111.96175714,2588,8.39367700,513844.70845718,0
1634443200000,61115.86000000,61248.45000000,60900.01000000,60900.76000000,9.54372300,1634446799999,582853.07611674,2226,8.30040300,506929.94009685,0
1634446800000,60912.36000000,67154.27000000,57124.85000000,60648.87000000,13.95934500,1634450399999,841696.05628111,2443,10.35396500,625711.61397728,0
1634450400000,60648.87000000,60828.42000000,60569.97000000,60672.91000000,9.61018300,1634453999999,583253.11764487,2597,8.30477500,504032.93729275,0
1634454000000,60671.99000000,66737.32000000,60238.79000000,60336.30000000,11.19780200,1634457599999,679386.52461933,2847,9.42754500,571996.13734556,0
1634457600000,60329.54000000,63053.73000000,56837.11000000,60671.33000000,22.61371300,1634461199999,1349638.42585291,5209,17.45799600,1039403.46632498,0
1634461200000,60671.33000000,61637.23000000,60422.46000000,61218.40000000,15.11343300,1634464799999,920962.55459131,4034,10.75656200,655862.06050897,0
1634464800000,61222.81000000,63000.00000000,60482.78000000,61144.00000000,16.38358500,1634468399999,1001689.41942398,4137,12.59201700,770363.52602278,0
1634468400000,61131.79000000,62500.00000000,60860.00000000,60945.88000000,12.17333300,1634471999999,744367.72679288,2941,10.69459900,654035.95348683,0
1634472000000,60939.90000000,62135.58000000,60670.00000000,60857.51000000,14.22530400,1634475599999,865356.64633246,3356,11.55206700,702724.99339032,0
1634475600000,60858.20000000,61270.01000000,60648.86000000,61011.47000000,15.13522000,1634479199999,922711.28380309,4082,12.62451800,769598.13250154,0
1634479200000,61011.48000000,61075.78000000,60756.99000000,61020.99000000,11.46156700,1634482799999,697864.59999339,2414,10.26182300,624833.26798413,0
1634482800000,61005.83000000,300000.00000000,60482.78000000,60743.03000000,19.88893200,1634486399999,1209562.72293841,3999,15.04152000,915193.70025793,0
1634486400000,60761.42000000,60999.52000000,60660.65000000,60971.39000000,14.95291200,1634489999999,909803.84705399,3003,13.23593600,805333.12680479,0
1634490000000,60971.32000000,61076.50000000,56679.76000000,61028.59000000,19.84292800,1634493599999,1180134.87493167,3203,16.00019500,950042.99272126,0
1634493600000,61027.12000000,61080.12000000,60770.00000000,60973.01000000,7.92213500,1634497199999,482837.56478031,1949,6.52103600,397460.08627951,0
1634497200000,60973.02000000,60994.32000000,60265.50000000,60519.49000000,13.57622300,1634500799999,822922.68550787,3321,10.90189200,660915.25950665,0
1634500800000,60519.49000000,60519.49000000,56738.76000000,59394.80000000,23.30207200,1634504399999,1386438.17227479,6488,22.43012800,1334553.75839471,0
1634504400000,59394.80000000,60690.00000000,56512.99000000,60630.47000000,16.39975700,1634507999999,981133.52633575,3670,14.21115900,851930.95203467,0
1634508000000,60626.69000000,64731.00000000,55733.53000000,61300.00000000,20.02469800,1634511599999,1210853.75164205,3427,16.40870800,996440.55189490,0
1634511600000,61275.00000000,62049.06000000,61034.48000000,61525.02000000,13.72022200,1634515199999,842481.26669456,2479,13.10131700,804480.64939869,0
1634515200000,61528.33000000,62831.90000000,60730.00000000,62466.91000000,18.12646500,1634518799999,1123765.37000834,3361,16.69527800,1035392.52065006,0
1634518800000,62460.74000000,64500.00000000,51217.36000000,62096.65000000,18.81656300,1634522399999,1165377.59957815,3154,14.10803300,878330.68622451,0
1634522400000,62098.05000000,68000.00000000,51217.36000000,62111.26000000,16.14808600,1634525999999,996399.01030439,3040,12.20526500,756088.29108701,0
1634526000000,62096.14000000,62271.31000000,61883.55000000,62118.99000000,10.18411300,1634529599999,632551.81438718,2065,9.46857400,588126.41720708,0
1634529600000,62123.88000000,62418.00000000,62001.01000000,62376.50000000,13.21397500,1634533199999,821150.28950534,4820,10.95789400,680994.80552729,0
1634533200000,62371.15000000,79500.00000000,62135.00000000,62383.04000000,11.91508700,1634536799999,743301.70892012,2518,10.43549400,651020.61714767,0
1634536800000,62366.50000000,77830.50000000,62135.00000000,62255.62000000,10.46459100,1634540399999,652199.94964009,2107,9.13976200,569609.02872598,0
1634540400000,62255.62000000,70000.00000000,51217.36000000,61886.49000000,21.65440900,1634543999999,1302781.14931406,3397,16.23294700,992446.53047738,0
1634544000000,61885.42000000,65000.00000000,51217.36000000,61800.20000000,19.39221900,1634547599999,1191614.43518277,3622,17.16185800,1059375.98534200,0
1634547600000,61800.54000000,65000.00000000,51217.36000000,61240.22000000,20.58711000,1634551199999,1247739.12725231,3815,17.14264700,1049478.75959459,0
1634551200000,61245.60000000,61516.70000000,60661.13000000,61316.13000000,18.27043700,1634554799999,1115278.75399044,3609,16.94594600,1034487.88087995,0
1634554800000,61316.13000000,61706.27000000,60711.02000000,60925.92000000,17.36663300,1634558399999,1061706.64529024,3313,14.74219600,901175.53801949,0
1634558400000,60921.68000000,61500.00000000,58720.89000000,60616.98000000,17.73514900,1634561999999,1079241.36575657,3213,15.67868100,954229.23701420,0
1634562000000,60592.08000000,78855.11000000,51217.36000000,61823.00000000,22.14851500,1634565599999,1345372.81138597,4337,20.17260400,1226157.19247701,0
1634565600000,61823.00000000,62451.50000000,61210.91000000,62069.07000000,19.73632100,1634569199999,1222395.77108243,3683,16.94644700,1049739.59022093,0
1634569200000,62089.27000000,62170.59000000,60920.00000000,62000.01000000,20.92035700,1634572799999,1294822.16016975,3729,16.74651600,1036635.47201078,0
1634572800000,62003.04000000,62365.77000000,60830.00000000,61809.00000000,20.55021300,1634576399999,1272697.45992748,3655,16.79985900,1040474.95068079,0
1634576400000,61820.78000000,62086.95000000,60810.00000000,61734.27000000,16.19493400,1634579999999,1002554.04071734,2818,12.12349600,750711.18526260,0
1634580000000,61738.07000000,120000.00000000,52299.08000000,61851.70000000,19.58506500,1634583599999,1200332.28932417,3826,13.55854200,835673.61253477,0
1634583600000,61845.09000000,61863.05000000,60841.00000000,61448.53000000,15.76933300,1634587199999,967247.42745851,2710,14.06914400,862957.85369611,0
1634587200000,61434.64000000,73731.05000000,51217.36000000,61343.14000000,15.11417500,1634590799999,919163.74841293,2465,12.49747800,764911.31948981,0
1634590800000,61343.18000000,65000.00000000,61090.00000000,61794.93000000,11.64445800,1634594399999,716593.03864714,1925,9.54538900,587321.23922157,0
1634594400000,61794.90000000,70000.00000000,61583.16000000,62071.81000000,12.81918600,1634597999999,791936.54816623,2235,11.19121800,691411.24291633,0
1634598000000,62071.76000000,64000.00000000,51217.36000000,62049.99000000,17.33091700,1634601599999,1061686.56023957,2861,12.96942200,797349.67892777,0
1634601600000,62009.84000000,63705.30000000,51217.36000000,61874.30000000,17.42831500,1634605199999,1076734.45615292,2892,14.59568100,904128.54879759,0
1634605200000,61857.75000000,63755.89000000,61262.02000000,61809.57000000,13.48723300,1634608799999,834419.72877336,2801,12.71815200,786807.26701057,0
1634608800000,61821.97000000,61923.85000000,60580.00000000,61744.45000000,9.81763800,1634612399999,606164.65520176,2330,8.88451500,548797.24479774,0
1634612400000,61744.45000000,99000.00000000,52708.36000000,62586.00000000,19.14127100,1634615999999,1188411.62185162,3608,16.30553000,1017518.23815236,0
1634616000000,62588.86000000,62812.52000000,62135.48000000,62427.34000000,13.26050100,1634619599999,830244.66556901,2673,12.02069100,752535.45656680,0
1634619600000,62428.26000000,62557.96000000,62299.48000000,62475.59000000,12.80666800,1634623199999,799359.53288710,3164,10.94732300,683304.73012341,0
1634623200000,62476.65000000,63245.67000000,61392.50000000,62194.43000000,15.33549700,1634626799999,954545.13534414,3457,13.25500000,825059.47873601,0
1634626800000,62188.89000000,62365.40000000,52708.36000000,62295.75000000,18.28920100,1634630399999,1122644.27306585,3930,15.08359300,928056.01731396,0
1634630400000,62296.14000000,62381.36000000,61765.07000000,62381.36000000,15.56123000,1634633999999,966249.20577527,3383,12.14834200,754452.35100076,0
1634634000000,62381.36000000,62483.09000000,57049.05000000,62132.89000000,17.25413200,1634637599999,1069736.69243012,3453,12.81422800,795497.81476761,0
1634637600000,62135.91000000,62399.29000000,54094.06000000,62249.86000000,12.78491500,1634641199999,792915.80934055,2461,9.74915200,605413.81226882,0
1634641200000,62247.74000000,62300.00000000,62071.32000000,62128.40000000,10.98357000,1634644799999,683140.10258352,2057,9.44099300,587184.40586680,0
1634644800000,62113.09000000,62485.85000000,61869.80000000,62243.01000000,17.55566700,1634648399999,1091958.29060510,3429,14.39457300,895539.85835472,0
1634648400000,62223.66000000,63266.85000000,62070.00000000,62618.29000000,25.21807100,1634651999999,1578931.22279383,5870,21.96684700,1375732.63022209,0
1634652000000,62604.42000000,63455.62000000,54208.60000000,62528.63000000,28.85936800,1634655599999,1791917.00696210,6618,19.89855300,1237188.00539602,0
1634655600000,62528.63000000,62768.23000000,60950.00000000,62393.05000000,19.15697000,1634659199999,1198898.68015406,4789,15.74029300,985180.41164331,0
1634659200000,62393.05000000,63094.11000000,62315.71000000,63094.11000000,20.39261200,1634662799999,1278177.92263577,4806,17.85130500,1119172.06980129,0
1634662800000,62604.91000000,63468.14000000,62201.55000000,63406.23000000,19.81848700,1634666399999,1253388.13290827,5298,16.83579700,1065282.72230369,0
1634666400000,63411.27000000,63608.00000000,59200.00000000,63429.99000000,18.38255300,1634669999999,1163027.07496906,4817,15.51153400,982466.96204891,0
1634670000000,63429.96000000,68000.00000000,52708.36000000,64191.27000000,21.50260500,1634673599999,1363693.70605927,6048,18.81008400,1198084.01849954,0
1634673600000,64177.15000000,65787.99000000,60520.00000000,64115.00000000,20.06247200,1634677199999,1285003.85913774,5364,16.63618500,1066857.97456344,0
1634677200000,64115.00000000,65800.00000000,51217.36000000,63929.49000000,19.95618900,1634680799999,1247492.32135688,3720,13.32812700,839852.85448185,0
